url,label,source,domain
https://gioiellipaladini.it,0,tranco,gioiellipaladini.it
https://independientesantafe.com,0,tranco,independientesantafe.com
https://autollantas24.com,0,tranco,autollantas24.com
http://51.81.96.73/n2/mips,1,urlhaus,51.81.96.73
https://iqos.ru,0,tranco,iqos.ru
https://nic.stockholm,0,tranco,nic.stockholm
https://svsu.ac.in,0,tranco,svsu.ac.in
https://cashcarry.uk,0,tranco,cashcarry.uk
https://gbtimes.com,0,tranco,gbtimes.com
https://pabidding.io,0,tranco,pabidding.io
https://vspop.org,0,tranco,vspop.org
https://interactivehailmaps.com,0,tranco,interactivehailmaps.com
https://linuxgrp.com,0,tranco,linuxgrp.com
https://l.ead.me/bfjrwu,1,phishtank,l.ead.me
https://rdnet.lv,0,tranco,rdnet.lv
https://borealc.on.ca,0,tranco,borealc.on.ca
https://madibet.life,0,tranco,madibet.life
https://lrhsd.org,0,tranco,lrhsd.org
https://pulsevipzone.com,0,tranco,pulsevipzone.com
https://eotui.com,0,tranco,eotui.com
https://fearlessrevolution.com,0,tranco,fearlessrevolution.com
http://83.219.1.198:55183/i,1,urlhaus,83.219.1.198:55183
https://armadaboard.com,0,tranco,armadaboard.com
https://iqumpnshz.com,0,tranco,iqumpnshz.com
https://nivea.com.pe,0,tranco,nivea.com.pe
https://amainhobbies.com,0,tranco,amainhobbies.com
http://startsso-ledgrdn.wixstudio.com/enus,1,phishtank,startsso-ledgrdn.wixstudio.com
https://financialaidtv.com,0,tranco,financialaidtv.com
https://rina-roleplay.com,0,tranco,rina-roleplay.com
https://macasoft.net,0,tranco,macasoft.net
https://yelisc.com,0,tranco,yelisc.com
https://clsd.net,0,tranco,clsd.net
https://marijuana.com,0,tranco,marijuana.com
https://o-ne-o-n-l-i-n-e26-one-adm.lechante.co.za/o-ne.hu1h5320964223465445799097666909/,1,phishtank,o-ne-o-n-l-i-n-e26-one-adm.lechante.co.za
https://jewel4ds.com,0,tranco,jewel4ds.com
http://110.36.90.129:45359/i,1,urlhaus,110.36.90.129:45359
https://edg.bg,0,tranco,edg.bg
https://boydsbets.com,0,tranco,boydsbets.com
https://monash.edu.my,0,tranco,monash.edu.my
https://onmobliciti.com,0,tranco,onmobliciti.com
https://ipfs.io/ipfs/bafkreia6tn4q5tjeuu6bniducfjdawtuih44wrq7jihqo47esd2q2m54g4?eta=study@mup.cz,1,phishtank,ipfs.io
https://q-r.to/bgbdq5,1,phishtank,q-r.to
https://oaldod.com,0,tranco,oaldod.com
https://powershell-storage.vg/,1,urlhaus,powershell-storage.vg
https://angersloiremetropole.fr,0,tranco,angersloiremetropole.fr
https://ptallenvery.com,0,tranco,ptallenvery.com
https://docs.google.com/presentation/d/e/2pacx-1vrgkxwbyeca41ed1so1gc1erq75azc5wrdefgbx1p4szani0zgxdsztuxyjdn0dorok-edl4p0zve1d/pub?start=false&amp;loop=false&amp;delayms=3000&amp;slide=id.p,1,phishtank,docs.google.com
http://42.7.152.244:45939/i,1,urlhaus,42.7.152.244:45939
https://viewcompleteddocument.weebly.com/,1,phishtank,viewcompleteddocument.weebly.com
https://888win5.vip,0,tranco,888win5.vip
https://f2b8x.com,0,tranco,f2b8x.com
https://onlineinstagram.com,0,tranco,onlineinstagram.com
https://fultonsun.com,0,tranco,fultonsun.com
https://bit.ly/4egifdo,1,phishtank,bit.ly
https://ybmbooks.com,0,tranco,ybmbooks.com
https://topsters.org,0,tranco,topsters.org
https://new.express.adobe.com/webpage/xrjgomnlftymh,1,phishtank,new.express.adobe.com
https://www.solemark.cfd/,1,phishtank,solemark.cfd
http://188.132.232.81/cc2,1,urlhaus,188.132.232.81
https://q-r.to/bgbhfk,1,phishtank,q-r.to
https://new.express.adobe.com/webpage/gyvcwtrs5rjxq,1,phishtank,new.express.adobe.com
http://nav-cyrptocdn.wixstudio.com/us-en,1,phishtank,nav-cyrptocdn.wixstudio.com
https://chemspider.com,0,tranco,chemspider.com
https://maltcasino937.com,0,tranco,maltcasino937.com
https://qrco.de/bfmgtz,1,phishtank,qrco.de
https://freshgaminghub.com,0,tranco,freshgaminghub.com
https://7dak100.xxx,0,tranco,7dak100.xxx
https://tropki.com,0,tranco,tropki.com
https://wikom.pl,0,tranco,wikom.pl
https://app.jotform.com/251594554689575,1,phishtank,app.jotform.com
https://amalaims.org,0,tranco,amalaims.org
https://e-aidem.com,0,tranco,e-aidem.com
https://reactivationpass-ca.bolt.host/,1,phishtank,reactivationpass-ca.bolt.host
https://kleinanzeigen.76129081.top/gqxxbgjr?r=4,1,phishtank,kleinanzeigen.76129081.top
https://haixingduanju.com,0,tranco,haixingduanju.com
https://surfcleanmobile.com,0,tranco,surfcleanmobile.com
https://rahekutah.com,0,tranco,rahekutah.com
https://xp56j.team,0,tranco,xp56j.team
https://mehost.co,0,tranco,mehost.co
https://zaymer.com,0,tranco,zaymer.com
https://new.express.adobe.com/webpage/i7c9lkpy5ijq1,1,phishtank,new.express.adobe.com
https://sweco.se,0,tranco,sweco.se
https://docs.google.com/presentation/d/e/2pacx-1vtfvow2ndphcjlrj95ze7kvdwqsidos72jvwrxd_aw-mzmy-e6fd_lpxovs2hs2psl9mztnvuewln3u/pub?start=false&amp;loop=false&amp;delayms=3000,1,phishtank,docs.google.com
https://mipont.hu,0,tranco,mipont.hu
https://masukajakak-sanca999.xyz,0,tranco,masukajakak-sanca999.xyz
https://q-r.to/bfq7kt,1,phishtank,q-r.to
http://moonshot-listing-dug.netlify.app,1,phishtank,moonshot-listing-dug.netlify.app
https://bigredsky.com,0,tranco,bigredsky.com
http://116.76.167.16:35883/i,1,urlhaus,116.76.167.16:35883
https://ca.tvbghbn.cyou/,1,phishtank,ca.tvbghbn.cyou
https://ca33nones.shop,0,tranco,ca33nones.shop
https://myjugendhilfe.cloud,0,tranco,myjugendhilfe.cloud
https://my-dars.com,0,tranco,my-dars.com
https://ukuaishou.com,0,tranco,ukuaishou.com
https://docs.google.com/presentation/d/e/2pacx-1vswjvpgov89-i_sstqknu2trpztgk9hgcjepodtlzrjf3qk9pymkhzucnhawwy30rkpha1xprfe1l7w/pub?start=false&amp;loop=false&amp;delayms=3000,1,phishtank,docs.google.com
https://arkansas.com,0,tranco,arkansas.com
https://ufu8f9.com,0,tranco,ufu8f9.com
https://datakojak.com,0,tranco,datakojak.com
http://allegrolokalnie.9374934.xyz,1,phishtank,allegrolokalnie.9374934.xyz
https://eng-trezo.zapier.app/en-login,1,phishtank,eng-trezo.zapier.app
https://gridcorner.net,0,tranco,gridcorner.net
https://iuuijtyfdtrsd.weebly.com/,1,phishtank,iuuijtyfdtrsd.weebly.com
https://mangomist.com,0,tranco,mangomist.com
https://cooltoysclub.com,0,tranco,cooltoysclub.com
https://boldcf.co,0,tranco,boldcf.co
https://pokerstake.com,0,tranco,pokerstake.com
https://pocket-option8.com,0,tranco,pocket-option8.com
https://myukserver.net,0,tranco,myukserver.net
https://l.ead.me/bfezoe,1,phishtank,l.ead.me
https://thunderlotusgames.com,0,tranco,thunderlotusgames.com
https://l.ead.me/bgbros,1,phishtank,l.ead.me
https://beautypornvids.com,0,tranco,beautypornvids.com
https://legalon-cloud.com,0,tranco,legalon-cloud.com
https://qualialife.com,0,tranco,qualialife.com
https://yournavi.com,0,tranco,yournavi.com
https://qrco.de/bgbdfn,1,phishtank,qrco.de
https://halton.io,0,tranco,halton.io
https://isolezwe.co.za,0,tranco,isolezwe.co.za
https://swovo.com,0,tranco,swovo.com
https://sagetv.com,0,tranco,sagetv.com
https://producbank.webcindario.com/,1,phishtank,producbank.webcindario.com
https://shipleydonuts.com,0,tranco,shipleydonuts.com
https://shortpacked.com,0,tranco,shortpacked.com
https://esomar-congress.com,0,tranco,esomar-congress.com
https://mythology.net,0,tranco,mythology.net
https://mikai.org,0,tranco,mikai.org
http://42.234.233.117:46384/i,1,urlhaus,42.234.233.117:46384
https://oskarswoodenark.com.au,0,tranco,oskarswoodenark.com.au
https://matsuya.com,0,tranco,matsuya.com
https://visitcarsoncity.com,0,tranco,visitcarsoncity.com
https://lordfilms.day,0,tranco,lordfilms.day
https://rugcheck.xyz,0,tranco,rugcheck.xyz
https://heritagereview.com,0,tranco,heritagereview.com
https://mclicense.org,0,tranco,mclicense.org
https://overlanded.com,0,tranco,overlanded.com
http://125.99.206.137:56905/i,1,urlhaus,125.99.206.137:56905
https://bit.ly/4fsecmz,1,phishtank,bit.ly
https://77177.casino,0,tranco,77177.casino
https://x-minusovka.com,0,tranco,x-minusovka.com
https://av86.com,0,tranco,av86.com
https://lux-case.se,0,tranco,lux-case.se
https://globalquiz.org,0,tranco,globalquiz.org
https://urbanpalacehouse.nl,0,tranco,urbanpalacehouse.nl
https://financiar24.es,0,tranco,financiar24.es
https://web-crossing.at,0,tranco,web-crossing.at
https://eastern.edu,0,tranco,eastern.edu
https://www.dropbox.com/l/scl/aaazcfbx8g10t_tckayuhzlpkk5uygo_z0w,1,phishtank,dropbox.com
https://basalon.co.il,0,tranco,basalon.co.il
https://qrco.de/bgyjb4,1,phishtank,qrco.de
https://isaidub.com.in,0,tranco,isaidub.com.in
https://privacyaffairs.com,0,tranco,privacyaffairs.com
https://04-03.casino,0,tranco,04-03.casino
https://storytellingwithsaris.com,0,tranco,storytellingwithsaris.com
https://mact.ru,0,tranco,mact.ru
https://us6.campaign-archive.com/?u=e10f5574aef3ddff7f69e742e&id=62fe091d1b,1,phishtank,us6.campaign-archive.com
https://vhs-lernportal.de,0,tranco,vhs-lernportal.de
https://new.express.adobe.com/webpage/dx5t6mye9hcgv,1,phishtank,new.express.adobe.com
https://wanassist.nl,0,tranco,wanassist.nl
https://larproject.com,0,tranco,larproject.com
https://q-r.to/bga0uu,1,phishtank,q-r.to
https://mikriliga.com,0,tranco,mikriliga.com
https://myvisionsfedcuindexhtmlvfcu.weebly.com/,1,phishtank,myvisionsfedcuindexhtmlvfcu.weebly.com
https://suidhagaindia.com,0,tranco,suidhagaindia.com
https://fetching.co.kr,0,tranco,fetching.co.kr
https://rdns.net,0,tranco,rdns.net
https://unchained.com,0,tranco,unchained.com
https://dwp-balkan.org,0,tranco,dwp-balkan.org
https://docs.google.com/presentation/d/e/2pacx-1vtosnowparpf8wpmxbwz74j3-joqtjnobrcx7zrj69gdpayl1mirn-wbgc3epc6iqwee6ld-7qm2oro/pub?start=false&loop=false&delayms=3000&slide=id.p,1,phishtank,docs.google.com
https://mailoathserviceupdatecorporation.weebly.com/,1,phishtank,mailoathserviceupdatecorporation.weebly.com
https://qrco.de/bga87r,1,phishtank,qrco.de
https://dinnerin321.com,0,tranco,dinnerin321.com
https://framed.wtf,0,tranco,framed.wtf
https://qrco.de/bgjcos,1,phishtank,qrco.de
https://faulkner.edu,0,tranco,faulkner.edu
https://docs.google.com/drawings/d/1hkaepczlssrnom9whdqzxywqvktp-ho05coohf1zovc/edit,1,phishtank,docs.google.com
https://ucoz.pl,0,tranco,ucoz.pl
https://naya24.com,0,tranco,naya24.com
https://100-links.click,0,tranco,100-links.click
https://fijivillage.com,0,tranco,fijivillage.com
https://casinoukh.online,0,tranco,casinoukh.online
https://wedw2a.ukit.me/,1,phishtank,wedw2a.ukit.me
https://atyraubus.kz,0,tranco,atyraubus.kz
https://reshopper.com,0,tranco,reshopper.com
https://worthynews.com,0,tranco,worthynews.com
https://pub-55a8fba45da64ece91e2cb3895be6c90.r2.dev/index.html,1,phishtank,pub-55a8fba45da64ece91e2cb3895be6c90.r2.dev
https://comfortorthowear.com,0,tranco,comfortorthowear.com
https://softairwelt.de,0,tranco,softairwelt.de
http://42.231.188.231:55171/i,1,urlhaus,42.231.188.231:55171
https://retrogames.me,0,tranco,retrogames.me
https://qrco.de/bfwtgc,1,phishtank,qrco.de
https://ifsatube29.cfd,0,tranco,ifsatube29.cfd
https://partysharty.pk,0,tranco,partysharty.pk
http://123.4.247.134:46868/i,1,urlhaus,123.4.247.134:46868
https://adspend.space,0,tranco,adspend.space
https://bestlivesvip.com,0,tranco,bestlivesvip.com
https://ersenwe-43257.firebaseapp.com/,1,phishtank,ersenwe-43257.firebaseapp.com
https://cloudvalley.top,0,tranco,cloudvalley.top
https://slowtrav.com,0,tranco,slowtrav.com
https://matchmediagroup.com,0,tranco,matchmediagroup.com
https://animati.com.br,0,tranco,animati.com.br
https://szcwyzwlw.com,0,tranco,szcwyzwlw.com
https://kissasian.com.vc,0,tranco,kissasian.com.vc
https://kitrig.shop,0,tranco,kitrig.shop
https://bit.ly/4hosl9g,1,phishtank,bit.ly
https://comparethemarketcareers.com,0,tranco,comparethemarketcareers.com
https://fast828.win,0,tranco,fast828.win
https://helaldunyamarketleri.com,0,tranco,helaldunyamarketleri.com
https://scout.org.hk,0,tranco,scout.org.hk
https://alpkit.com,0,tranco,alpkit.com
https://achmearechtsbijstand.nl,0,tranco,achmearechtsbijstand.nl
https://primeluckymarket.com,0,tranco,primeluckymarket.com
https://beepworld.it,0,tranco,beepworld.it
http://zippycanyonez.pro/goongangontop/wife.x86_64,1,urlhaus,zippycanyonez.pro
https://ivabankruptcy.ltd,0,tranco,ivabankruptcy.ltd
https://knmt.nl,0,tranco,knmt.nl
https://qarchive.org,0,tranco,qarchive.org
https://qrco.de/bfcatb,1,phishtank,qrco.de
https://amishbuiltcabins.com,0,tranco,amishbuiltcabins.com
http://143.20.185.220/dss,1,urlhaus,143.20.185.220
https://cruisebrothers.com,0,tranco,cruisebrothers.com
https://atube.me,0,tranco,atube.me
https://bomgaars.com,0,tranco,bomgaars.com
https://statedrugs.gov.in,0,tranco,statedrugs.gov.in
https://newscorpaus.com.au,0,tranco,newscorpaus.com.au
https://jokergdn.xyz,0,tranco,jokergdn.xyz
https://qrco.de/bgcehx,1,phishtank,qrco.de
https://caseid100856106551205643.firebaseapp.com/,1,phishtank,caseid100856106551205643.firebaseapp.com
https://jungholz.tirol,0,tranco,jungholz.tirol
https://national.org.nz,0,tranco,national.org.nz
https://viideys.online,0,tranco,viideys.online
https://housage.es,0,tranco,housage.es
https://turonbank.uz,0,tranco,turonbank.uz
https://omgwtfnzbs.org,0,tranco,omgwtfnzbs.org
https://lacasadelmecanico.com.ar,0,tranco,lacasadelmecanico.com.ar
https://aopnet.rest,0,tranco,aopnet.rest
https://yorkcountypa.gov,0,tranco,yorkcountypa.gov
https://melilla.es,0,tranco,melilla.es
https://danija.lv,0,tranco,danija.lv
https://kcrb55.ru,0,tranco,kcrb55.ru
https://apaldo.org,0,tranco,apaldo.org
https://kucingwawak.com,0,tranco,kucingwawak.com
https://rettungsdienst-msh.de,0,tranco,rettungsdienst-msh.de
https://kavun.city,0,tranco,kavun.city
http://188.132.232.81/ayi,1,urlhaus,188.132.232.81
http://217.60.241.44/mips,1,urlhaus,217.60.241.44
http://27.215.139.11:38006/i,1,urlhaus,27.215.139.11:38006
https://51.ru,0,tranco,51.ru
https://forms.office.com/pages/responsepage.aspx?id=dqsikwdsw0yxejajblztrqaaaaaaaaaaaan__4jlegpuoejzwdlevepxuje1texdrdlvmzfwtvvpvi4u&route=shorturl,1,phishtank,forms.office.com
https://ncsm.gov.in,0,tranco,ncsm.gov.in
https://hotelinphuket.net,0,tranco,hotelinphuket.net
https://3d4medical.com,0,tranco,3d4medical.com
http://110.36.30.112:38106/bin.sh,1,urlhaus,110.36.30.112:38106
https://qrco.de/bfmtrv,1,phishtank,qrco.de
https://wh315.org.cn,0,tranco,wh315.org.cn
https://healthr.com,0,tranco,healthr.com
https://vulkan.com,0,tranco,vulkan.com
https://diamondmm.com,0,tranco,diamondmm.com
https://warhammer-forum.com,0,tranco,warhammer-forum.com
https://trezrsuiteweb.blogspot.com/,1,openphish,trezrsuiteweb.blogspot.com
https://q-r.to/bfilxl,1,phishtank,q-r.to
https://airbnb.si,0,tranco,airbnb.si
https://prtouae.firebaseapp.com/,1,phishtank,prtouae.firebaseapp.com
https://q-r.to/bfltfm,1,phishtank,q-r.to
http://27.220.90.250:53481/bin.sh,1,urlhaus,27.220.90.250:53481
https://rebuildingtogether.org,0,tranco,rebuildingtogether.org
https://nwsifty.weebly.com/,1,phishtank,nwsifty.weebly.com
https://lightmoonelec.com,0,tranco,lightmoonelec.com
https://nolpay.ae,0,tranco,nolpay.ae
http://94.154.43.42/hiddenbin/x86.ghost,1,urlhaus,94.154.43.42
https://jsnxnxss.weebly.com/,1,phishtank,jsnxnxss.weebly.com
https://qrco.de/bfeenm,1,phishtank,qrco.de
https://thoughtworks.net,0,tranco,thoughtworks.net
https://l.ead.me/bfrhbp,1,phishtank,l.ead.me
https://genomicsengland.co.uk,0,tranco,genomicsengland.co.uk
https://my-online-course.com,0,tranco,my-online-course.com
https://inspirationsguiden.se,0,tranco,inspirationsguiden.se
https://www.ext843252.pro/captcha.php,1,phishtank,ext843252.pro
https://bioshop.pk,0,tranco,bioshop.pk
https://livetogelsgp.icu,0,tranco,livetogelsgp.icu
https://mzsakha.ru,0,tranco,mzsakha.ru
https://cenfotecmemorygame.firebaseapp.com/,1,phishtank,cenfotecmemorygame.firebaseapp.com
https://movexgames.co.uk,0,tranco,movexgames.co.uk
https://hibangkokhotels.com,0,tranco,hibangkokhotels.com
https://ccrediitrnutuel.s-host.net/,1,phishtank,ccrediitrnutuel.s-host.net
https://pub-259e97a08339410dac74092f0be97904.r2.dev/index.html,1,phishtank,pub-259e97a08339410dac74092f0be97904.r2.dev
https://goldenscope.us,0,tranco,goldenscope.us
https://jaiho777.com,0,tranco,jaiho777.com
https://genomichealth.com,0,tranco,genomichealth.com
https://foryourparty.com,0,tranco,foryourparty.com
https://trenois.com,0,tranco,trenois.com
https://brave-new-world.co.uk,0,tranco,brave-new-world.co.uk
https://davidkovokoreni.com,0,tranco,davidkovokoreni.com
https://amzaboprime012.pro/loading.php,1,phishtank,amzaboprime012.pro
http://110.39.237.192:45087/bin.sh,1,urlhaus,110.39.237.192:45087
https://g4-valley.vercel.app/,1,phishtank,g4-valley.vercel.app
http://zippycanyonez.pro/00101010101001/main.x86_64,1,urlhaus,zippycanyonez.pro
https://docs.google.com/presentation/d/e/2pacx-1vstzyicztqwzxs5suam4yylzjaouzk6vvcmjabxfehsgui1f9jqe2wxtvxnhm5z-iqkxgkyvxulot9g/pub?start=false&amp;loop=false&amp;delayms=3000,1,phishtank,docs.google.com
https://zengw.io,0,tranco,zengw.io
https://sk-japan.co.jp,0,tranco,sk-japan.co.jp
https://exorigo.pl,0,tranco,exorigo.pl
https://loopnet.com,0,tranco,loopnet.com
https://digitalpr.jp,0,tranco,digitalpr.jp
https://qrco.de/bfowlk,1,phishtank,qrco.de
https://q-r.to/bga4d1,1,phishtank,q-r.to
https://889993137.xyz,0,tranco,889993137.xyz
https://beansandchips.com,0,tranco,beansandchips.com
https://itotolink.net,0,tranco,itotolink.net
https://methspin.net,0,tranco,methspin.net
https://ipfs.best-practice.se/ipfs/bafybeies2uc2v5pas5ingrrcrv7nn6ptzoim6ngihnxijrsou42h6al5cu/sve.html,1,phishtank,ipfs.best-practice.se
http://85.11.167.200/bin/main.x86_64,1,urlhaus,85.11.167.200
https://umwkendarilapulu.ac.id,0,tranco,umwkendarilapulu.ac.id
https://bradesco.negocioscontapj.click/,1,phishtank,bradesco.negocioscontapj.click
https://kitchendemy.com,0,tranco,kitchendemy.com
https://shlingzheng.cn,0,tranco,shlingzheng.cn
https://whymappa.org,0,tranco,whymappa.org
https://googleadsserving.cn,0,tranco,googleadsserving.cn
https://weeklybcn.com,0,tranco,weeklybcn.com
https://healthnet.com,0,tranco,healthnet.com
https://qrco.de/bgf7mi,1,phishtank,qrco.de
https://sleeplay.com,0,tranco,sleeplay.com
https://docs.google.com/presentation/d/e/2pacx-1vrwltetfm_rjhhz8gwback8wacaejdqxu8ltublpzlvpk7lyimydbspxdzsfbvyopbv-rawarlaqm1f/pub?start=false&amp;loop=false&amp;delayms=3000,1,phishtank,docs.google.com
https://retfdesw4w5thydrcv6754e.w3spaces.com/,1,phishtank,retfdesw4w5thydrcv6754e.w3spaces.com
https://bodhimandala.com/.well-known/ssl.webmail.aruba.it/mailbox.aruba.it/verifica_identity.myaccount.user_aruba.mail/user_sign_in/sme/login.htm,1,phishtank,bodhimandala.com
https://defendinged.org,0,tranco,defendinged.org
http://91.92.242.236/files-129312398/files/file_3dfa6b71eb1f52a6.exe,1,urlhaus,91.92.242.236
https://acedaily.nl,0,tranco,acedaily.nl
https://setup-live-desktop.wixstudio.com/desktop,1,phishtank,setup-live-desktop.wixstudio.com
https://axapremierfund.biz,0,tranco,axapremierfund.biz
https://portal111-guardian-cu-tech.web.app/,1,phishtank,portal111-guardian-cu-tech.web.app
https://reurl.cc/dnpnok,1,phishtank,reurl.cc
https://ourdreamersai.com,0,tranco,ourdreamersai.com
https://nuvem.com.br,0,tranco,nuvem.com.br
https://desktop-ledgre.zapier.app/,1,phishtank,desktop-ledgre.zapier.app
https://wayagame.com,0,tranco,wayagame.com
https://web.tegdcl.top,1,phishtank,web.tegdcl.top
http://42.231.46.107:47290/bin.sh,1,urlhaus,42.231.46.107:47290
https://guntryeddanishgenkis.firebaseapp.com/,1,phishtank,guntryeddanishgenkis.firebaseapp.com
https://myfastway.in,0,tranco,myfastway.in
https://noumeabourali00120.firebaseapp.com/,1,phishtank,noumeabourali00120.firebaseapp.com
https://prostobank.ua,0,tranco,prostobank.ua
https://supplychimp.com,0,tranco,supplychimp.com
https://lafactory.com,0,tranco,lafactory.com
https://vuelta.club,0,tranco,vuelta.club
https://qrco.de/bfr4s2,1,phishtank,qrco.de
https://floranext.com,0,tranco,floranext.com
https://trony.it,0,tranco,trony.it
https://faemaalcala.com,0,tranco,faemaalcala.com
https://supportyourapp.com,0,tranco,supportyourapp.com
https://recover-rycs10012964918531.start.page/,1,phishtank,recover-rycs10012964918531.start.page
https://jewelsda.com,0,tranco,jewelsda.com
https://rcrm-tech.ru,0,tranco,rcrm-tech.ru
https://comune.weebly.com/,1,phishtank,comune.weebly.com
https://mdp-securise.com,1,phishtank,mdp-securise.com
https://aunworks.jp,0,tranco,aunworks.jp
https://sinimega.top,0,tranco,sinimega.top
https://mosfm.com,0,tranco,mosfm.com
https://elmevarzesh.com,0,tranco,elmevarzesh.com
https://campsite.bio/ehejke33,1,phishtank,campsite.bio
https://pub-62e3121f56cf4b309d0d9fdb688471c0.r2.dev/link%20(12).html,1,phishtank,pub-62e3121f56cf4b309d0d9fdb688471c0.r2.dev
https://easybank.at,0,tranco,easybank.at
https://6fdwi.com,0,tranco,6fdwi.com
https://avkconsul.ru,0,tranco,avkconsul.ru
https://docs.google.com/presentation/d/e/2pacx-1vttdew52by8vaa0ilxiljdmbgg284cwy0jgwznah9songxk-6mntsgtujzdzvms_vvqph7u27xazu-k/pub?start=false&loop=false&delayms=3000&slide=id.p,1,phishtank,docs.google.com
https://moin.de,0,tranco,moin.de
https://belitanco.com/news.html?app=sport@mup.cz,1,phishtank,belitanco.com
https://hostify.net.za,0,tranco,hostify.net.za
https://xjsj82jwjsa.com,0,tranco,xjsj82jwjsa.com
https://thaiecom.net,0,tranco,thaiecom.net
https://novacloud.one,0,tranco,novacloud.one
https://ascb.org,0,tranco,ascb.org
https://easy-media.ru,0,tranco,easy-media.ru
https://kituchat.net,0,tranco,kituchat.net
https://us14.campaign-archive.com/?u=b25023595ce07a10d86c4c8dc&id=cd9ff143c6,1,phishtank,us14.campaign-archive.com
https://nuevavida.webcindario.com/,1,phishtank,nuevavida.webcindario.com
https://q-r.to/bfklk3,1,phishtank,q-r.to
https://cashbackxl.nl,0,tranco,cashbackxl.nl
https://mushop.com.au,0,tranco,mushop.com.au
https://betpipo641.com,0,tranco,betpipo641.com
https://gocmydns.com,0,tranco,gocmydns.com
https://yoyolay.net,0,tranco,yoyolay.net
https://docs.google.com/drawings/d/1towrwfamd-i7sye6vz3l56qik5s178hxxzetexgniha/edit,1,phishtank,docs.google.com
https://myndaxioapps.wixstudio.com/en-us,1,phishtank,myndaxioapps.wixstudio.com
https://charcheauloginok.firebaseapp.com/,1,phishtank,charcheauloginok.firebaseapp.com
https://envia.co,0,tranco,envia.co
https://brianakdesigns.com,0,tranco,brianakdesigns.com
https://l.ead.me/bgc4vn,1,phishtank,l.ead.me
https://enaiplombardia.it,0,tranco,enaiplombardia.it
http://194.26.192.19/bin/screenconnect.clientsetup.exe,1,urlhaus,194.26.192.19
https://mn8xt8.webwave.dev/,1,phishtank,mn8xt8.webwave.dev
https://colorplanet.art,0,tranco,colorplanet.art
https://tradeupspy.com,0,tranco,tradeupspy.com
https://9889888.xyz,0,tranco,9889888.xyz
https://q-r.to/bftfto,1,phishtank,q-r.to
http://203.177.251.31:46755/i,1,urlhaus,203.177.251.31:46755
https://galeinvest.pl,0,tranco,galeinvest.pl
https://zhongguowangshi.com,0,tranco,zhongguowangshi.com
https://zen-pictures.net,0,tranco,zen-pictures.net
https://playlouder.com,0,tranco,playlouder.com
https://radiosupel.org/type.php,1,phishtank,radiosupel.org
https://metropcs.net,0,tranco,metropcs.net
https://sirindhorn.net,0,tranco,sirindhorn.net
https://ift.tt,0,tranco,ift.tt
https://kreditbuddha.com,0,tranco,kreditbuddha.com
https://acehosts.co.uk,0,tranco,acehosts.co.uk
https://temperatur.nu,0,tranco,temperatur.nu
https://detailed-balance-368039.framer.app/,1,phishtank,detailed-balance-368039.framer.app
https://laguardajoiers.com,0,tranco,laguardajoiers.com
https://drtechno.rs,0,tranco,drtechno.rs
https://wenajans.com,0,tranco,wenajans.com
https://sahara.com.sa,0,tranco,sahara.com.sa
https://docs.google.com/drawings/d/1b6hpjx4gjol2v-rrt-dk5yjeg3qlogjgsharuzwqars/preview,1,phishtank,docs.google.com
https://caxino.com,0,tranco,caxino.com
https://qrco.de/bgc0e1,1,phishtank,qrco.de
https://columbiasportswear.es,0,tranco,columbiasportswear.es
https://pdbns.ca,0,tranco,pdbns.ca
https://bit.ly/3lrzlcs,1,phishtank,bit.ly
https://drivers24.org,0,tranco,drivers24.org
https://4djowopools.com,0,tranco,4djowopools.com
http://125.46.133.49:44143/bin.sh,1,urlhaus,125.46.133.49:44143
https://vibecode.moe,0,tranco,vibecode.moe
https://foxxlifesciences.in,0,tranco,foxxlifesciences.in
https://otakuroom.net,0,tranco,otakuroom.net
https://hd-world.cc,0,tranco,hd-world.cc
https://docs.google.com/presentation/d/e/2pacx-1vtxam4erzqrb7i-gqmnolqbplhsjzaa-crn7kwyat1jzdbpu9eutaxo1m7qbw2s1kq9f62tlzhcfq3l/pub?start=false&amp;loop=false&amp;delayms=3000,1,phishtank,docs.google.com
https://888starzeg3.com,0,tranco,888starzeg3.com
https://bit.ly/3tkod5i,1,phishtank,bit.ly
https://did.li/ffhmc,1,phishtank,did.li
https://altbierbude.de,0,tranco,altbierbude.de
https://sgtsa.pl,0,tranco,sgtsa.pl
https://artarasaneh.com,0,tranco,artarasaneh.com
https://knowledge-nexus-ai.gitbook.io/knai/,1,phishtank,knowledge-nexus-ai.gitbook.io
https://cris-online.com,0,tranco,cris-online.com
http://221.14.40.83:32801/bin.sh,1,urlhaus,221.14.40.83:32801
https://impeachsaraduterte.com,0,tranco,impeachsaraduterte.com
https://nojtp.cn/,1,phishtank,nojtp.cn
https://jenniferrizzo.com,0,tranco,jenniferrizzo.com
https://conec.com,0,tranco,conec.com
https://animevietsub.love,0,tranco,animevietsub.love
https://spinrise-ch.com,0,tranco,spinrise-ch.com
https://v0-exodus-wallet-app.vercel.app,1,phishtank,v0-exodus-wallet-app.vercel.app
https://itstarsbuilding.com,0,tranco,itstarsbuilding.com
https://estado.sc.gov.br,0,tranco,estado.sc.gov.br
https://pattydoo.de,0,tranco,pattydoo.de
https://ezlinks.com,0,tranco,ezlinks.com
https://haksozhaber.net,0,tranco,haksozhaber.net
https://mississippiregisteredagent.com,0,tranco,mississippiregisteredagent.com
https://bonamigallery.ir,0,tranco,bonamigallery.ir
https://qrco.de/bgble3,1,phishtank,qrco.de
https://novosibirskyes.ru,0,tranco,novosibirskyes.ru
https://rosevaughantrio.com,0,tranco,rosevaughantrio.com
https://inboxpounds.co.uk,0,tranco,inboxpounds.co.uk
https://docs.google.com/drawings/d/1qyl5ig8xy8z75vh1lzoa_x00dpnbc97p46ve_yrz7rc/edit,1,phishtank,docs.google.com
https://levnestavebniny.cz,0,tranco,levnestavebniny.cz
https://socialpunchmarketing.com,0,tranco,socialpunchmarketing.com
https://metactrl.com,0,tranco,metactrl.com
https://vidro.com.sa,0,tranco,vidro.com.sa
https://voipoperator.eu,0,tranco,voipoperator.eu
https://aflamk1.net,0,tranco,aflamk1.net
https://l.ead.me/bfkxlt,1,phishtank,l.ead.me
https://tibaparking.net,0,tranco,tibaparking.net
https://viknaroff.ua,0,tranco,viknaroff.ua
http://154.242.136.254:60541/i,1,urlhaus,154.242.136.254:60541
https://gjs-2sa2-daji.com,0,tranco,gjs-2sa2-daji.com
https://expediataap.com.au,0,tranco,expediataap.com.au
https://cadenadesuministro.es,0,tranco,cadenadesuministro.es
https://allysofficial.com,0,tranco,allysofficial.com
https://fit2run.com,0,tranco,fit2run.com
https://afaq-lc.com,0,tranco,afaq-lc.com
https://xkeezmovies.com,0,tranco,xkeezmovies.com
https://open-servers.net,0,tranco,open-servers.net
https://pcs-wps.com.cn,0,tranco,pcs-wps.com.cn
https://q-r.to/bgc5xf,1,phishtank,q-r.to
https://q-r.to/bgbzco,1,phishtank,q-r.to
http://123.8.55.58:53035/i,1,urlhaus,123.8.55.58:53035
https://www.google.com/url?q=https%3a%2f%2fpys.ifs.mybluehost.me%2findex&amp;sa=d&amp;sntz=1&amp;usg=aovvaw1f0_ojpjiee8bgkcyei_0i,1,phishtank,google.com
https://wtlbic.webwave.dev/,1,phishtank,wtlbic.webwave.dev
https://vmi.edu,0,tranco,vmi.edu
https://homeurl.us,0,tranco,homeurl.us
https://qrco.de/bgzqrh,1,phishtank,qrco.de
https://supermax66.news,0,tranco,supermax66.news
https://docs.google.com/presentation/d/e/2pacx-1vtjyheaqhjnact_z300tarnivuor4idvhb4uryc0ka3triphqrtrhyn5z9pwdf6vhvmyjgnfgiquwmm/pub?start=false&amp;loop=false&amp;delayms=3000&amp;pli=1,1,phishtank,docs.google.com
https://alassadperfumeria.com,0,tranco,alassadperfumeria.com
https://uefa888f.com,0,tranco,uefa888f.com
https://outletdelcafe.cl,0,tranco,outletdelcafe.cl
https://noorhosting.com,0,tranco,noorhosting.com
https://lojanovaera.com,0,tranco,lojanovaera.com
https://kbcnet.rs,0,tranco,kbcnet.rs
https://thelearningandearninglimited.com,0,tranco,thelearningandearninglimited.com
https://hpmdnetwork.ru,0,tranco,hpmdnetwork.ru
https://globalledgr.wixstudio.com/us-en,1,phishtank,globalledgr.wixstudio.com
https://l.ead.me/bfjnxt,1,phishtank,l.ead.me
https://domo.com,0,tranco,domo.com
https://vambe.ai,0,tranco,vambe.ai
https://pub-48ca7fb99c824c5797ae62fed688005b.r2.dev/index.html,1,phishtank,pub-48ca7fb99c824c5797ae62fed688005b.r2.dev
https://aonb.ru,0,tranco,aonb.ru
https://ergodotisi.com,0,tranco,ergodotisi.com
https://apiclient.com,0,tranco,apiclient.com
https://world4you.com,0,tranco,world4you.com
https://localmassge.kr,0,tranco,localmassge.kr
https://spacetricgroup.com/r/?axbkyxrhptkzlje1os4ync4wjnzib3g9jnn2pw8znjvfmv9ub20mbt13bsz1awq9vvnfujixmdqymdi1vtq1mdqymtm5jnq9ohu=,1,phishtank,spacetricgroup.com
https://hudabeauty.com,0,tranco,hudabeauty.com
https://casinovipblast.us,0,tranco,casinovipblast.us
https://pipupipuapi.xyz,0,tranco,pipupipuapi.xyz
https://jellyjen.m-pages.com/,1,phishtank,jellyjen.m-pages.com
https://livescorecasino.net,0,tranco,livescorecasino.net
https://jacket2.org,0,tranco,jacket2.org
https://us20.campaign-archive.com/?u=cd3965562ac6feec50b41f8ea&id=5b5c3a35dd,1,phishtank,us20.campaign-archive.com
https://opencourser.com,0,tranco,opencourser.com
https://sweetwaterschools.org,0,tranco,sweetwaterschools.org
https://tr.ee/icloud_agent,1,phishtank,tr.ee
https://qrco.de/bgzeiy,1,phishtank,qrco.de
https://q-r.to/bgzmhq,1,phishtank,q-r.to
https://prusa3d.com,0,tranco,prusa3d.com
https://arendator.ru,0,tranco,arendator.ru
https://login.nhbkj.com/p0i0lec3?_t=icpjme9m5waumfele5ikv2l66besrf5zl_4tni9mykm#/home,1,phishtank,login.nhbkj.com
https://plandata.dk,0,tranco,plandata.dk
https://serversmarket.gr,0,tranco,serversmarket.gr
http://aciansouris.tempurl.host/wp-admin/bardanaia/login.html,1,phishtank,aciansouris.tempurl.host
https://booked.co.il,0,tranco,booked.co.il
https://mygphomes.com/,1,phishtank,mygphomes.com
https://l.ead.me/bfrpdt,1,phishtank,l.ead.me
https://gdenamore.com,0,tranco,gdenamore.com
https://new.express.adobe.com/webpage/7u5kudtebxtwk,1,phishtank,new.express.adobe.com
https://makita.es,0,tranco,makita.es
http://182.124.123.201:55097/i,1,urlhaus,182.124.123.201:55097
https://qiaobetter.com,0,tranco,qiaobetter.com
https://karneval.berlin,0,tranco,karneval.berlin
https://idbibank.co.in,0,tranco,idbibank.co.in
https://docs.google.com/presentation/d/e/2pacx-1vsjxncrufys55nu28gjjacp0y5roby7yxgtmkymhrqcetpit2fa-_nbpbsqlgtmvkq6qmtwp4sfzi2t/pub?start=false&amp;loop=false&amp;delayms=60000,1,phishtank,docs.google.com
https://qrco.de/bftvs2,1,phishtank,qrco.de
https://docs.google.com/presentation/d/e/2pacx-1vtbx_fgxwkhseplmvnegcjezgtemjnpdexgzgvqx5czwwdok0wquhr8usrof9wa04yyhy_1e9eob2pb/pub?start=false&amp;loop=false&amp;delayms=3000,1,phishtank,docs.google.com
https://maracash.com,0,tranco,maracash.com
https://kabook99.co,0,tranco,kabook99.co
https://harpers.org,0,tranco,harpers.org
https://reurl.cc/rr0l5y,1,phishtank,reurl.cc
https://hubit.gr,0,tranco,hubit.gr
https://naveshahar.com,0,tranco,naveshahar.com
https://letakomat.sk,0,tranco,letakomat.sk
https://tkor119.com,0,tranco,tkor119.com
https://livesex.surf,0,tranco,livesex.surf
https://olincorp.net,0,tranco,olincorp.net
https://qrco.de/bgbntm,1,phishtank,qrco.de
https://bitbetwin.cc,0,tranco,bitbetwin.cc
https://serenis.it,0,tranco,serenis.it
https://qrco.de/bfvdsg,1,phishtank,qrco.de
https://mygloboltsb-online.icu/?secure_connect=v99*ft1&_subid=1sd8jpm.2d.1eoi6&_token=3dlneo1952lc7.1781938299.28.af4c5c3ac940e56ceada4e8fed9ab698,1,phishtank,mygloboltsb-online.icu
https://strivectin.com,0,tranco,strivectin.com
https://inwayhosting.com/?bt,1,phishtank,inwayhosting.com
http://45.205.1.59/4651f3,1,urlhaus,45.205.1.59
https://heyzap.com,0,tranco,heyzap.com
https://economymiddleeast.com,0,tranco,economymiddleeast.com
https://uw.ru,0,tranco,uw.ru
https://suhsd.k12.ca.us,0,tranco,suhsd.k12.ca.us
https://prints10.com,0,tranco,prints10.com
https://datoid.cz,0,tranco,datoid.cz
https://awsdns-cn-52.biz,0,tranco,awsdns-cn-52.biz
https://institutducerveau-icm.org,0,tranco,institutducerveau-icm.org
http://allegrolokalnie.lokalna-ofeta328873200321.cfd,1,phishtank,allegrolokalnie.lokalna-ofeta328873200321.cfd
https://noumeabourali00120.web.app/,1,phishtank,noumeabourali00120.web.app
http://176.65.139.50/bins/kworkerd-irq-bal,1,urlhaus,176.65.139.50
https://wellobd.info/1000meetings/tenderdocrfp.php,1,phishtank,wellobd.info
https://rovenixo.com,0,tranco,rovenixo.com
https://canadian-casino-bonuses.com,0,tranco,canadian-casino-bonuses.com
https://eventscentral.co.za/unaimed/declarator/,1,phishtank,eventscentral.co.za
https://vcta.dk,0,tranco,vcta.dk
http://url1924.medicardmalta.com/ls/click?upn=u001.otuobru8uwmd3ntivaojygzxbi8qtrx8qlohsvodx2y-2fpa1tokkllnmv50c5jk2cc2pt_0sj4xwp5qdyprbofxg8t-2byrgtdyncscpqkvqbrep2daznlrosbmyfezju-2f6o7reg9ueophe4948entmv8zeglmmbidmpht2eetjeymyn8q8bhioa2uxtsdxealowweurzl-2flharbawdevjll-2b6bhdgkewlcekk1kx1fb2ztismofun8p3ajptljbebhrjsm8ksawak3lr-2be0bflqz6jiua-3d-3d,1,phishtank,url1924.medicardmalta.com
https://igloonet.cz,0,tranco,igloonet.cz
https://is6.com,0,tranco,is6.com
https://sosodo-a9b9a.web.app/,1,phishtank,sosodo-a9b9a.web.app
https://getsolara.live/launcher.exe,1,urlhaus,getsolara.live
https://omni.net.au,0,tranco,omni.net.au
https://qrco.de/bgbwxg,1,phishtank,qrco.de
https://volga-avangard.ru,0,tranco,volga-avangard.ru
http://110.37.18.108:41984/i,1,urlhaus,110.37.18.108:41984
https://monkzvkwos.blogspot.com/,1,phishtank,monkzvkwos.blogspot.com
https://q-r.to/bgzflq,1,phishtank,q-r.to
https://qrco.de/bgccfc,1,phishtank,qrco.de
https://costasuperstore.com,0,tranco,costasuperstore.com
https://colo4jax.com,0,tranco,colo4jax.com
https://lightspeed.com,0,tranco,lightspeed.com
https://bit.ly/43ey3ar,1,phishtank,bit.ly
https://jesoslotmania.com,0,tranco,jesoslotmania.com
https://bit.ly/verificasellahypers,1,phishtank,bit.ly
https://alfistyle.cz,0,tranco,alfistyle.cz
https://marblex.cc,0,tranco,marblex.cc
https://currentargus.com,0,tranco,currentargus.com
https://haqoakt0.elmolnafs.xyz/?ublib=76a085a2-bb73-40f7-ab15-c6477d426c3b,1,urlhaus,haqoakt0.elmolnafs.xyz
https://zerkalnye-prava.com,0,tranco,zerkalnye-prava.com
https://qmsystems.de,0,tranco,qmsystems.de
https://bit.ly/3yfmplu,1,phishtank,bit.ly
https://strapiapp-staging.com,0,tranco,strapiapp-staging.com
https://fartingpangane.shop,0,tranco,fartingpangane.shop
https://qrco.de/bgbpzw,1,phishtank,qrco.de
https://q-r.to/bgb3on,1,phishtank,q-r.to
https://chatujme.cz,0,tranco,chatujme.cz
http://103.44.136.115:35447/i,1,urlhaus,103.44.136.115:35447
https://rummy888vip49.com,0,tranco,rummy888vip49.com
https://cdnpulse.online,0,tranco,cdnpulse.online
https://uhsp.edu.ua,0,tranco,uhsp.edu.ua
https://magiicmall.weebly.com/,1,phishtank,magiicmall.weebly.com
https://y5g8j.lol/o/uyr8u/1776523309851#selectedbank2&persac_er_vb,1,phishtank,y5g8j.lol
https://pencioner.ru,0,tranco,pencioner.ru
https://apwqmgtmk.wiki,0,tranco,apwqmgtmk.wiki
https://priyankasandokar1606.github.io/,1,phishtank,priyankasandokar1606.github.io
https://jawawin-gas.com,0,tranco,jawawin-gas.com
https://fast-finance-system.ru,0,tranco,fast-finance-system.ru
https://www.dpdlocotk.top/com,1,phishtank,dpdlocotk.top
https://vtsociety.org,0,tranco,vtsociety.org
https://pub-d0e251ba811e4c01ab35ca79d9c12c76.r2.dev/index.html,1,phishtank,pub-d0e251ba811e4c01ab35ca79d9c12c76.r2.dev
https://pravda.com.ua,0,tranco,pravda.com.ua
https://crowncaps.net,0,tranco,crowncaps.net
https://myemergency.it,0,tranco,myemergency.it
https://health-and-care.ru,0,tranco,health-and-care.ru
http://assets.f1cs-dev.it/jklsh4,1,urlhaus,assets.f1cs-dev.it
https://remontnick.ru,0,tranco,remontnick.ru
https://burnv.xyz,0,tranco,burnv.xyz
https://tabiatparkotel.com,0,tranco,tabiatparkotel.com
https://vntg.com,0,tranco,vntg.com
https://doblobet.com,0,tranco,doblobet.com
https://movieboxdownload.com,0,tranco,movieboxdownload.com
https://nonstoppartner.net,0,tranco,nonstoppartner.net
https://prizeinfo.net,0,tranco,prizeinfo.net
https://april.co.il,0,tranco,april.co.il
https://pomas.com.tr,0,tranco,pomas.com.tr
https://banca-informa1.webcindario.com/,1,phishtank,banca-informa1.webcindario.com
https://srtycuiksdjldfyujew-easdyufyaifysduyjkqefhads.teemill.com/,1,phishtank,srtycuiksdjldfyujew-easdyufyaifysduyjkqefhads.teemill.com
http://89.33.192.131/armv4l,1,urlhaus,89.33.192.131
https://webtechdirectory.com,0,tranco,webtechdirectory.com
https://auslands-krankenversicherung.de,0,tranco,auslands-krankenversicherung.de
https://koreanbj1.com,0,tranco,koreanbj1.com
https://nvic.org,0,tranco,nvic.org
https://36xgeorgia.me,0,tranco,36xgeorgia.me
https://vcxetfv.weebly.com/,1,phishtank,vcxetfv.weebly.com
https://top4running.fr,0,tranco,top4running.fr
https://us20.campaign-archive.com/?u=d75279da56dd4b2006bda25dc&id=cdcb5e456d,1,phishtank,us20.campaign-archive.com
https://dynamicplay.ca,0,tranco,dynamicplay.ca
https://narodnoeporno.com,0,tranco,narodnoeporno.com
https://euneighbourseast.eu,0,tranco,euneighbourseast.eu
https://tppspb.ru,0,tranco,tppspb.ru
https://magicstore.ca,0,tranco,magicstore.ca
https://pharmacosmetica.ru,0,tranco,pharmacosmetica.ru
https://phonet.com.ua,0,tranco,phonet.com.ua
https://soueast-kostroma.ru,0,tranco,soueast-kostroma.ru
https://meteonews.be,0,tranco,meteonews.be
https://glutenfreigeniessen.de,0,tranco,glutenfreigeniessen.de
http://zippycanyonez.pro/bins/untouchable.x86_64,1,urlhaus,zippycanyonez.pro
https://francelafleur.com,0,tranco,francelafleur.com
https://formas.se,0,tranco,formas.se
https://sxedu.gov.cn,0,tranco,sxedu.gov.cn
https://txt-garage.jp,0,tranco,txt-garage.jp
https://saisyuusyou.com,0,tranco,saisyuusyou.com
https://pub-ec63a9c8ee0d47ff9b5db7f1eedae74b.r2.dev/index.html,1,phishtank,pub-ec63a9c8ee0d47ff9b5db7f1eedae74b.r2.dev
https://ism.ac.jp,0,tranco,ism.ac.jp
https://docs.google.com/presentation/d/e/2pacx-1vqfibfnhjiy1muhji7se02jaqghp9mjorncnedhondklajagclxbtdkyeqfgnfpdhczc4fnns37eirv/pub?start=false&amp;loop=false&amp;delayms=3000,1,phishtank,docs.google.com
https://933thedrive.com,0,tranco,933thedrive.com
https://avaija.com,0,tranco,avaija.com
https://manuals-help.com,0,tranco,manuals-help.com
https://znwyxswxzj.com,0,tranco,znwyxswxzj.com
https://luzestilo.es,0,tranco,luzestilo.es
https://l.ead.me/bfwgju,1,phishtank,l.ead.me
https://afxiocmvsd.monster,0,tranco,afxiocmvsd.monster
https://menews247.com,0,tranco,menews247.com
https://gdbrowser.com,0,tranco,gdbrowser.com
https://ravzakitap.com,0,tranco,ravzakitap.com
https://q-r.to/bgbvon,1,phishtank,q-r.to
https://laowaiblog.com,0,tranco,laowaiblog.com
https://jchost02.pl,0,tranco,jchost02.pl
https://en-ledgrcdn.wixstudio.com/en-us,1,phishtank,en-ledgrcdn.wixstudio.com
https://nextclubbase.com,0,tranco,nextclubbase.com
https://finder-portal.com,0,tranco,finder-portal.com
https://tpi.li,0,tranco,tpi.li
https://q-r.to/bgbajg,1,phishtank,q-r.to
https://rtpkvtotowin.pro,0,tranco,rtpkvtotowin.pro
https://docs.google.com/presentation/d/e/2pacx-1vq2wd-kb1lqavweo8dex_ozo8o2av08ny_sxu92vklwizyrsbsdoic0qf0rxowlwxgtx7bug2swekpl/pub?start=false&amp;loop=false&amp;delayms=3000,1,phishtank,docs.google.com
https://belanja4dasia.com,0,tranco,belanja4dasia.com
https://mzcblpok.com,0,tranco,mzcblpok.com
https://f96.fun,0,tranco,f96.fun
https://docs.google.com/forms/d/e/1faipqlsea4tpidt4yzyhwltm8clr6wl33-2tinc9escf7m4zq2xhazg/viewform?usp=pp_url,1,phishtank,docs.google.com
https://kdlg.org,0,tranco,kdlg.org
https://medwave.cl,0,tranco,medwave.cl
https://l.ead.me/bfamnw,1,phishtank,l.ead.me
https://mod-lighting.com,0,tranco,mod-lighting.com
https://q-r.to/bfniub,1,phishtank,q-r.to
https://hyperspinplatform.com,0,tranco,hyperspinplatform.com
https://automall.md,0,tranco,automall.md
https://bootur.online,0,tranco,bootur.online
https://pureshare.co.uk,0,tranco,pureshare.co.uk
https://l.ead.me/bgbcfh,1,phishtank,l.ead.me
https://gshop.ro,0,tranco,gshop.ro
https://pptcloud.ru,0,tranco,pptcloud.ru
https://donnermusic.com,0,tranco,donnermusic.com
https://keene.edu,0,tranco,keene.edu
https://utschool.sch.id,0,tranco,utschool.sch.id
https://2fkadd.share-eu1.hsforms.com/2qzuderhst5o4glszbbm2uw,1,phishtank,2fkadd.share-eu1.hsforms.com
https://moncvparfait.fr,0,tranco,moncvparfait.fr
https://bafybeidrtr4yj7egigybipenrutqxlyybods5mozgftkdzrsw6slbncs6e.ipfs.dweb.link/,1,phishtank,bafybeidrtr4yj7egigybipenrutqxlyybods5mozgftkdzrsw6slbncs6e.ipfs.dweb.link
https://moonlight99.com,0,tranco,moonlight99.com
https://wikibuysell.com,0,tranco,wikibuysell.com
http://27.44.144.166:41763/i,1,urlhaus,27.44.144.166:41763
https://l.ead.me/bfccio,1,phishtank,l.ead.me
https://qrco.de/bfzjdu,1,phishtank,qrco.de
https://azulwifi.com,0,tranco,azulwifi.com
https://linktr.ee/attnewservices,1,phishtank,linktr.ee
https://kartoteka.news,0,tranco,kartoteka.news
https://qrco.de/bgf32h,1,phishtank,qrco.de
https://bit.ly/4fhcqtn,1,phishtank,bit.ly
https://q-r.to/bfjqzn,1,phishtank,q-r.to
https://primearenaplatform.com,0,tranco,primearenaplatform.com
https://hotfrileadgenerationpromotion.shop,0,tranco,hotfrileadgenerationpromotion.shop
http://42.4.208.211:34541/bin.sh,1,urlhaus,42.4.208.211:34541
https://naverassist-01.weebly.com/,1,phishtank,naverassist-01.weebly.com
https://zbdpay.com,0,tranco,zbdpay.com
https://city.omura.nagasaki.jp,0,tranco,city.omura.nagasaki.jp
http://zippycanyonez.pro/goongangontop/aisuru.x86,1,urlhaus,zippycanyonez.pro
https://thuellen.de,0,tranco,thuellen.de
https://jvs88a.store,0,tranco,jvs88a.store
https://francofa-eurodis.fr,0,tranco,francofa-eurodis.fr
https://aichi-toyota.jp,0,tranco,aichi-toyota.jp
https://totalenergies.info,0,tranco,totalenergies.info
https://1red-casino.me.uk,0,tranco,1red-casino.me.uk
https://sayapbolaonline.com,0,tranco,sayapbolaonline.com
https://gagandarji.com,0,tranco,gagandarji.com
https://modernpokerdaily.nl,0,tranco,modernpokerdaily.nl
https://f65f2.com,0,tranco,f65f2.com
https://dammy775james.wixstudio.com/my-site,1,phishtank,dammy775james.wixstudio.com
https://ferpam.com.br,0,tranco,ferpam.com.br
https://mi-connection.com,0,tranco,mi-connection.com
https://showzstore.com,0,tranco,showzstore.com
https://usedphotopro.com,0,tranco,usedphotopro.com
https://dk028.com,0,tranco,dk028.com
https://ssc.gov.jo,0,tranco,ssc.gov.jo
https://docs.google.com/presentation/d/1hu2ckyzojq-0lw1zgmnb-oejsvazsfs6sfhizveg19k/pub?start=false&amp;loop=false&amp;delayms=3000&amp;slide=id.p,1,phishtank,docs.google.com
https://docs.google.com/forms/d/e/1faipqlsfzaiv5tzjtym2jn1o5ph76_qxuvicxz9gs3mi6v2hr9_j2lg/viewform,1,phishtank,docs.google.com
http://93.115.101.146:13734/bins/kworkerd-netns,1,urlhaus,93.115.101.146:13734
https://docs.google.com/presentation/d/e/2pacx-1vskxmjwpsacu_aoejj2ccwjzdqbujo0wvuchxfo9jw7uapbn3gxfa83bxmtfy_ov3sjfnhlwukkbodw/pub?start=false&loop=false&delayms=3000&slide=id.p,1,phishtank,docs.google.com
https://maximeschoenen.nl,0,tranco,maximeschoenen.nl
https://turbocloud.systems,0,tranco,turbocloud.systems
https://verccbf.hesabdarinoravesh.xyz/469f8c81-4398-4789-9070-e3c03bcc5684,1,urlhaus,verccbf.hesabdarinoravesh.xyz
https://thegoodhealth.co.in,0,tranco,thegoodhealth.co.in
https://parts-unlimited.com,0,tranco,parts-unlimited.com
https://liveapps-us.wixstudio.com/en-home,1,phishtank,liveapps-us.wixstudio.com
https://779piabet.com,0,tranco,779piabet.com
https://museum-online.moscow,0,tranco,museum-online.moscow
https://inz.net.nz,0,tranco,inz.net.nz
https://qrco.de/bfy0tb,1,phishtank,qrco.de
https://coincenter.co.uk,0,tranco,coincenter.co.uk
https://milleni.com.tr,0,tranco,milleni.com.tr
https://capellibeauty.com,0,tranco,capellibeauty.com
https://l.ead.me/bgbroe,1,phishtank,l.ead.me
https://karaiqypw.site,0,tranco,karaiqypw.site
http://allegro.com-4529252.sbs,1,phishtank,allegro.com-4529252.sbs
https://did.li/dumiw,1,phishtank,did.li
https://l.ead.me/bffdsd,1,phishtank,l.ead.me
https://aeg.com.pt,0,tranco,aeg.com.pt
https://glz.co.il,0,tranco,glz.co.il
https://neijiang.gov.cn,0,tranco,neijiang.gov.cn
https://karstadt.de,0,tranco,karstadt.de
https://fdgb.info842287.pro/captcha.php,1,phishtank,fdgb.info842287.pro
https://stcourier.com,0,tranco,stcourier.com
https://hqcollect.is,0,tranco,hqcollect.is
http://110.37.107.203:34428/bin.sh,1,urlhaus,110.37.107.203:34428
https://bezvavlasy.sk,0,tranco,bezvavlasy.sk
https://kaikoshop.com,0,tranco,kaikoshop.com
https://l.ead.me/bfhs1t,1,phishtank,l.ead.me
https://klambt.de,0,tranco,klambt.de
https://neaflorina.gr,0,tranco,neaflorina.gr
https://capetownmarathon.com,0,tranco,capetownmarathon.com
https://commn-auth0.web.app/,1,phishtank,commn-auth0.web.app
https://ridgerun.com,0,tranco,ridgerun.com
https://91meijutv.com,0,tranco,91meijutv.com
https://abnbc.livefootba11.com/54b317e4-9435-43df-9b8c-9a67ac1b1729,1,urlhaus,abnbc.livefootba11.com
https://phpfui.com,0,tranco,phpfui.com
https://l.ead.me/bgbjkc,1,phishtank,l.ead.me
https://q-r.to/bg8ena,1,phishtank,q-r.to
https://dietagespresse.com,0,tranco,dietagespresse.com
https://official-home-en.framer.ai/,1,phishtank,official-home-en.framer.ai
https://bit.ly/3b6e2vk,1,phishtank,bit.ly
https://hilversumsnieuws.nl,0,tranco,hilversumsnieuws.nl
http://115.55.114.3:57615/bin.sh,1,urlhaus,115.55.114.3:57615
https://desktop-clienten.wixstudio.com/en-us,1,phishtank,desktop-clienten.wixstudio.com
http://175.148.155.34:42391/mozi.m,1,urlhaus,175.148.155.34:42391
https://www.ledger-com-dashboard.eaatelaf.com/,1,phishtank,ledger-com-dashboard.eaatelaf.com
https://the-scientist.com,0,tranco,the-scientist.com
https://ufsj.edu.br,0,tranco,ufsj.edu.br
https://q-r.to/bgahob,1,phishtank,q-r.to
https://q76.com,0,tranco,q76.com
https://vincispin.fr,0,tranco,vincispin.fr
https://rupto.ru,0,tranco,rupto.ru
https://polk-fl.net,0,tranco,polk-fl.net
https://diplomuschr.ru,0,tranco,diplomuschr.ru
http://91.92.242.236/files-129312398/files/file_1799466111db0077.exe,1,urlhaus,91.92.242.236
https://vorwerk-digital.com,0,tranco,vorwerk-digital.com
https://plumpkins.com,0,tranco,plumpkins.com
https://cinemagavia.es,0,tranco,cinemagavia.es
https://vanlanguni.edu.vn,0,tranco,vanlanguni.edu.vn
https://sllmwm.webwave.dev/,1,phishtank,sllmwm.webwave.dev
http://31.56.209.84/monero.arm6,1,urlhaus,31.56.209.84
https://mochitv.uz,0,tranco,mochitv.uz
https://docs.google.com/presentation/d/e/2pacx-1vqozo6yrmgrn5_ibqsttmztehu1-rxsxkyfrfdo0b2vpzuxo2sujsib_m0ewnmvfmyr_qsaskbvsmfq/pub?start=false&amp;loop=false&amp;delayms=3000,1,phishtank,docs.google.com
https://resume.io/r/bqsgwxyvb,1,phishtank,resume.io
https://platinumcasinozone.com,0,tranco,platinumcasinozone.com
https://xerox.ca,0,tranco,xerox.ca
https://nbx.kr,0,tranco,nbx.kr
http://60.18.9.243:54601/i,1,urlhaus,60.18.9.243:54601
https://peppy-axolotl-9e507a.netlify.app/diner.html,1,phishtank,peppy-axolotl-9e507a.netlify.app
https://q-r.to/bgb97q,1,phishtank,q-r.to
https://tenseien.co.jp,0,tranco,tenseien.co.jp
https://q-r.to/bfnziq,1,phishtank,q-r.to
https://docs.google.com/presentation/d/e/2pacx-1vryfk0otm6oqjljk9ubx8pbnuem0ad4-tf_l1a5zuc08uszk2jiiw2c8ddnaf3ljphvuqtyciino6dc/pub?start=false&amp;loop=false&amp;delayms=3000,1,phishtank,docs.google.com
https://technologies-group.co.jp,0,tranco,technologies-group.co.jp
https://cinemex.com,0,tranco,cinemex.com
https://1tv.com,0,tranco,1tv.com
https://manhwahentai.me,0,tranco,manhwahentai.me
https://toll-894f.web.app/,1,phishtank,toll-894f.web.app
https://anyhdporn.pro,0,tranco,anyhdporn.pro
https://harringtonraceway.com,0,tranco,harringtonraceway.com
https://extremetechcr.com,0,tranco,extremetechcr.com
https://bgmforklift.com/i/?c3y9z2vuzxjhbczypvjtjnvpzd1vu0vsmdqwmtiwmjzvmjewmta0mdimcz1tzw==redacted@abuse.ionos.com,1,phishtank,bgmforklift.com
https://denewpolstlewx.firebaseapp.com/,1,phishtank,denewpolstlewx.firebaseapp.com
https://bilbasen.dk,0,tranco,bilbasen.dk
https://cms.k12.nc.us,0,tranco,cms.k12.nc.us
https://mobilitycity.com,0,tranco,mobilitycity.com
https://picjumbo.com,0,tranco,picjumbo.com
https://q-r.to/bfkll8,1,phishtank,q-r.to
https://quartexcollections.com,0,tranco,quartexcollections.com
https://bijouxburma.com,0,tranco,bijouxburma.com
https://rebrand.ly/danaaid-lndonesia,1,phishtank,rebrand.ly
https://settee.pro,0,tranco,settee.pro
https://fr-luna.firebaseapp.com/,1,phishtank,fr-luna.firebaseapp.com
https://cdn.jsdelivr.net/gh/roody2643/pipeline-runner@d29c24b/com,1,urlhaus,cdn.jsdelivr.net
https://q-r.to/bfqekw,1,phishtank,q-r.to
https://zfbsbet.com,0,tranco,zfbsbet.com
https://r-l-x.de,0,tranco,r-l-x.de
https://asint.jp,0,tranco,asint.jp
https://99088.weebly.com/,1,phishtank,99088.weebly.com
https://previdenciarista.com,0,tranco,previdenciarista.com
https://thesungift.com,0,tranco,thesungift.com
https://zapasstrend.com,0,tranco,zapasstrend.com
https://autoqazyna.kz,0,tranco,autoqazyna.kz
https://axaaccountantsinsurance.net,0,tranco,axaaccountantsinsurance.net
https://massagezone.biz,0,tranco,massagezone.biz
https://a1travels.in,0,tranco,a1travels.in
https://kisa.or.kr,0,tranco,kisa.or.kr
https://gebilaoli.com,0,tranco,gebilaoli.com
https://wieisdemol.com,0,tranco,wieisdemol.com
https://aboutfaceinternational.org,0,tranco,aboutfaceinternational.org
https://155.cn,0,tranco,155.cn
https://owa-mail-auth.firebaseapp.com/,1,phishtank,owa-mail-auth.firebaseapp.com
https://startio-ledgreapps.wixstudio.com/en-us,1,phishtank,startio-ledgreapps.wixstudio.com
https://timeco.com,0,tranco,timeco.com
https://tjessimanew.firebaseapp.com/,1,phishtank,tjessimanew.firebaseapp.com
https://cenpos.net,0,tranco,cenpos.net
https://universityofcalifornia.edu,0,tranco,universityofcalifornia.edu
https://masiao.com,0,tranco,masiao.com
https://stunww.com,0,tranco,stunww.com
https://l.ead.me/bgbdbl,1,phishtank,l.ead.me
https://new.express.adobe.com/webpage/ibya69dsdkxas,1,phishtank,new.express.adobe.com
https://popcash.net,0,tranco,popcash.net
https://webuy.io,0,tranco,webuy.io
https://docs.google.com/forms/d/e/1faipqlsdtq47ivcaiicwxlvjtcfwsi6eo2jnoruc-mldzuzxqdh1b4w/viewform,1,phishtank,docs.google.com
https://vigneronscreateurs.com,0,tranco,vigneronscreateurs.com
https://q-r.to/bfmjpm,1,phishtank,q-r.to
http://110.39.241.60:34414/i,1,urlhaus,110.39.241.60:34414
https://staticflare.com,0,tranco,staticflare.com
https://tipicosmargoth.com,0,tranco,tipicosmargoth.com
https://myupdateonmail.weebly.com/,1,phishtank,myupdateonmail.weebly.com
https://assamegras.gov.in,0,tranco,assamegras.gov.in
https://nunusantander.com,0,tranco,nunusantander.com
https://q-r.to/bfgjqv,1,phishtank,q-r.to
https://evoevo.ai,0,tranco,evoevo.ai
https://scandinaviahouse.org,0,tranco,scandinaviahouse.org
https://neoauto.com,0,tranco,neoauto.com
https://2fd672.share-eu1.hsforms.com/25ajsvm_vtrkt0nxm4ecbzw,1,phishtank,2fd672.share-eu1.hsforms.com
https://proviarg07.webcindario.com/index1.html,1,phishtank,proviarg07.webcindario.com
https://tornadovps.com,0,tranco,tornadovps.com
https://q-r.to/bfjezd,1,phishtank,q-r.to
https://bfcasa.com.br,0,tranco,bfcasa.com.br
https://docs.google.com/presentation/d/e/2pacx-1vsufj9xcqcjvurtxogtbramonjr0t-ehunqocd_-y_5f5czdof7mqz_wlyxbsjqrvyb5z-koosur9iv/pub?start=false&amp;loop=false&amp;delayms=3000,1,phishtank,docs.google.com
https://doffin.no,0,tranco,doffin.no
https://vzletka.top,0,tranco,vzletka.top
https://hendrickmotorsports.com,0,tranco,hendrickmotorsports.com
https://vidplus.to,0,tranco,vidplus.to
https://animecube.live,0,tranco,animecube.live
https://superyachtfan.com,0,tranco,superyachtfan.com
https://stcnet.ru,0,tranco,stcnet.ru
https://docs.google.com/presentation/d/e/2pacx-1vsypjy9cakkjrj8ygbwb7azfo7ur6wwvxhhludy0o4zvcjrljrulykvgbtjvqmhn_oaashxwf_421tz/pub?start=false&loop=false&delayms=3000,1,phishtank,docs.google.com
https://ipfs.io/ipfs/qmukzeptxbwwytjytgqsbhjrdhryv4a9q2ugrpajpw3dhe,1,phishtank,ipfs.io
https://portal-bhd.lovable.app/,1,phishtank,portal-bhd.lovable.app
http://62.60.226.198/uploads/57c96d44ac93466f8cf814703a77fe4c.exe,1,urlhaus,62.60.226.198
https://zorf-pro.com,0,tranco,zorf-pro.com
https://finestradev.com,0,tranco,finestradev.com
https://pascal.actu729261.pro/,1,phishtank,pascal.actu729261.pro
https://ga.gybhj.cam/,1,phishtank,ga.gybhj.cam
https://digify.com,0,tranco,digify.com
https://mobaco.com,0,tranco,mobaco.com
https://nuevotiempo.org,0,tranco,nuevotiempo.org
https://clearpalacedaily.com,0,tranco,clearpalacedaily.com
https://hnremote.net,0,tranco,hnremote.net
https://predota.co.at,0,tranco,predota.co.at
https://privatehostprovider.com,0,tranco,privatehostprovider.com
https://buy-diplomx-v-ekaterinburge-343.ru,0,tranco,buy-diplomx-v-ekaterinburge-343.ru
https://rankone.global,0,tranco,rankone.global
https://basicgagu.com,0,tranco,basicgagu.com
https://text-verification.net,0,tranco,text-verification.net
https://kc7jbx.com,0,tranco,kc7jbx.com
https://download-ats.com,0,tranco,download-ats.com
https://gonyuathletics.com,0,tranco,gonyuathletics.com
https://rubikaweb.ir,0,tranco,rubikaweb.ir
https://sgvavia.ru,0,tranco,sgvavia.ru
https://searchgpt.com,0,tranco,searchgpt.com
https://emperor.gr,0,tranco,emperor.gr
https://us1.campaign-archive.com/?u=52baddb362169ef89c7718fbd&id=d7b210b52e,1,phishtank,us1.campaign-archive.com
https://farmacotherapeutischkompas.nl,0,tranco,farmacotherapeutischkompas.nl
https://cassimsandco.co.za,0,tranco,cassimsandco.co.za
https://cosmosdawn.net,0,tranco,cosmosdawn.net
https://linkin.bio/onlinekvish6-il/,1,phishtank,linkin.bio
https://siba.co.uk,0,tranco,siba.co.uk
https://e-shinbun.net,0,tranco,e-shinbun.net
https://softpharma.com.br,0,tranco,softpharma.com.br
https://manacap.co.uk,0,tranco,manacap.co.uk
https://q-r.to/bfx8k2,1,phishtank,q-r.to
https://bph7.live,0,tranco,bph7.live
https://bithosting.eu,0,tranco,bithosting.eu
https://bwin.dev,0,tranco,bwin.dev
https://mybabes.ai,0,tranco,mybabes.ai
https://webv8.net,0,tranco,webv8.net
https://docs.google.com/presentation/d/e/2pacx-1vqnlpdvsdu_egajyifueer0njrtafq3hxzybkxpbopzegvc6ymbqteh4pcj9p3x_ghkwdbcfrde7q79/pub?start=false&amp;loop=false&amp;delayms=3000,1,phishtank,docs.google.com
https://combinacionganadora.com,0,tranco,combinacionganadora.com
https://silvercreekrealty.com,0,tranco,silvercreekrealty.com
https://fenerium.com,0,tranco,fenerium.com
http://42.231.186.76:54013/i,1,urlhaus,42.231.186.76:54013
https://g2gbet789.com,0,tranco,g2gbet789.com
https://thehanovertheatre.org,0,tranco,thehanovertheatre.org
https://kapetanis.com,0,tranco,kapetanis.com
https://retailproductsusa.com,0,tranco,retailproductsusa.com
https://docs.google.com/presentation/d/e/2pacx-1vr6xwmnxy2hvxozyar2vxlxfp7zx1cgklr5iyxd1kccgugrhmq3lg9qntquzpqhrs42yrtctaqx3r5l/pub?start=false&amp;loop=false&amp;delayms=3000,1,phishtank,docs.google.com
https://kellerfahnen.ch,0,tranco,kellerfahnen.ch
https://neuepresse.de,0,tranco,neuepresse.de
https://eb8rvu.top/o/ws6l0/1768848617406#selectedbank9,1,phishtank,eb8rvu.top
https://qrco.de/bgaqbj,1,phishtank,qrco.de
https://rurubu.jp,0,tranco,rurubu.jp
https://lepermislibre.fr,0,tranco,lepermislibre.fr
https://axa.moscow,0,tranco,axa.moscow
https://vuurkorfwinkel.nl,0,tranco,vuurkorfwinkel.nl
https://byteconf.com,0,tranco,byteconf.com
https://s-fa31f3-i.sgizmo.com/s3/i-wkqx0vsxejedt0evjn-5035322/?sguid=wkqx0vsxejedt0evjn,1,phishtank,s-fa31f3-i.sgizmo.com
https://artesianews.com,0,tranco,artesianews.com
https://bit.ly/41onpuq,1,phishtank,bit.ly
http://42.86.60.130:33410/i,1,urlhaus,42.86.60.130:33410
https://carvertical.com,0,tranco,carvertical.com
https://national-accident-helpline.co.uk,0,tranco,national-accident-helpline.co.uk
https://officese.com,0,tranco,officese.com
https://snaf.co,0,tranco,snaf.co
https://sheepysbakery.de,0,tranco,sheepysbakery.de
https://horizonxi.com,0,tranco,horizonxi.com
https://bma.bm,0,tranco,bma.bm
https://polspen.pl,0,tranco,polspen.pl
https://growingstars.com,0,tranco,growingstars.com
https://bdfnet.com,0,tranco,bdfnet.com
https://pichinchaprotect.webcindario.com/,1,phishtank,pichinchaprotect.webcindario.com
https://mailstation.de,0,tranco,mailstation.de
https://askjdhaa.com,0,tranco,askjdhaa.com
https://digitalgov.gov,0,tranco,digitalgov.gov
https://bigbabusa.com,0,tranco,bigbabusa.com
https://pub-1e4a551479c748e39a6c6818e556a031.r2.dev/tgrufhd5iehjfjdbu538ytgjgdbt496539464969649467946hgkfdny69847969ighkhiy9u967894rfkhnkmndgxlogjd9iy8uy749ign46eihdkdgyey4e964964946ikdgj46946946yegdgtetu4946jyrdgkdg4y694949t4yte8eth3t5e9et9teetgjned9oer9045-45=4dore8.html,1,phishtank,pub-1e4a551479c748e39a6c6818e556a031.r2.dev
http://110.37.14.156:48175/i,1,urlhaus,110.37.14.156:48175
https://vertexreelszone.nl,0,tranco,vertexreelszone.nl
https://s.pu.go.id/mte1/vzllay/?support-siac1ecd,1,phishtank,s.pu.go.id
https://indriverapp.com,0,tranco,indriverapp.com
https://arslannet.com,0,tranco,arslannet.com
https://sunnybank.com.tw,0,tranco,sunnybank.com.tw
https://sovd-sh.de,0,tranco,sovd-sh.de
https://7star.ro,0,tranco,7star.ro
https://sweethawk.co,0,tranco,sweethawk.co
https://bebemaman.ma,0,tranco,bebemaman.ma
https://zxcvb-24208.web.app/,1,phishtank,zxcvb-24208.web.app
https://icrt.cu,0,tranco,icrt.cu
https://epd-film.de,0,tranco,epd-film.de
https://lolly.co.uk,0,tranco,lolly.co.uk
https://qrco.de/bff6hl,1,phishtank,qrco.de
https://wildwaters.in,0,tranco,wildwaters.in
https://e-tugra.com,0,tranco,e-tugra.com
https://margaretriver.com,0,tranco,margaretriver.com
https://furyu.jp,0,tranco,furyu.jp
https://mgabilisim.net,0,tranco,mgabilisim.net
https://fm-magazine.com,0,tranco,fm-magazine.com
https://ualacreditos.iceiy.com/?i=1,1,phishtank,ualacreditos.iceiy.com
https://ooovmp.ru,0,tranco,ooovmp.ru
https://app.jotform.com/251894206195564,1,phishtank,app.jotform.com
https://emailsahwservice.weebly.com/,1,phishtank,emailsahwservice.weebly.com
https://veracode.com,0,tranco,veracode.com
https://docs.google.com/presentation/d/e/2pacx-1vqi2gtm2zgqvovwuy3p0jekinikvjehwluihievcpn0mdx4u2srzib_acafqbrwrslcgc868rbqjlmz/pub?start=false&amp;loop=false&amp;delayms=3000,1,phishtank,docs.google.com
http://175.167.187.31:56527/i,1,urlhaus,175.167.187.31:56527
https://keyfactor.com,0,tranco,keyfactor.com
https://25bahisno1.com,0,tranco,25bahisno1.com
https://www.google.com/share.google?q=okwvoaqtpwpl3rwax,1,phishtank,google.com
https://sweatshirtpoesy.com,0,tranco,sweatshirtpoesy.com
https://zloybrawler2016.monster,0,tranco,zloybrawler2016.monster
https://bdo.in,0,tranco,bdo.in
https://mx-net.cz,0,tranco,mx-net.cz
